fecha_key,fecha,anio,trimestre,mes,nombre_mes,dia,dia_semana,nombre_dia
20230405,2023-04-05,2023,2,4,ABRIL,5,3,MIERCOLES
20230406,2023-04-06,2023,2,4,ABRIL,6,4,JUEVES
20230407,2023-04-07,2023,2,4,ABRIL,7,5,VIERNES
20230408,2023-04-08,2023,2,4,ABRIL,8,6,SABADO
20230409,2023-04-09,2023,2,4,ABRIL,9,7,DOMINGO
20230410,2023-04-10,2023,2,4,ABRIL,10,1,LUNES
20230413,2023-04-13,2023,2,4,ABRIL,13,4,JUEVES
20230414,2023-04-14,2023,2,4,ABRIL,14,5,VIERNES
20230415,2023-04-15,2023,2,4,ABRIL,15,6,SABADO
20230417,2023-04-17,2023,2,4,ABRIL,17,1,LUNES
20230418,2023-04-18,2023,2,4,ABRIL,18,2,MARTES
20230421,2023-04-21,2023,2,4,ABRIL,21,5,VIERNES
20230422,2023-04-22,2023,2,4,ABRIL,22,6,SABADO
20230423,2023-04-23,2023,2,4,ABRIL,23,7,DOMINGO
20230424,2023-04-24,2023,2,4,ABRIL,24,1,LUNES
20230425,2023-04-25,2023,2,4,ABRIL,25,2,MARTES
20230426,2023-04-26,2023,2,4,ABRIL,26,3,MIERCOLES
20230429,2023-04-29,2023,2,4,ABRIL,29,6,SABADO
20230501,2023-05-01,2023,2,5,MAYO,1,1,LUNES
20230505,2023-05-05,2023,2,5,MAYO,5,5,VIERNES
20230508,2023-05-08,2023,2,5,MAYO,8,1,LUNES
20230511,2023-05-11,2023,2,5,MAYO,11,4,JUEVES
20230513,2023-05-13,2023,2,5,MAYO,13,6,SABADO
20230514,2023-05-14,2023,2,5,MAYO,14,7,DOMINGO
20230516,2023-05-16,2023,2,5,MAYO,16,2,MARTES
20230517,2023-05-17,2023,2,5,MAYO,17,3,MIERCOLES
20230518,2023-05-18,2023,2,5,MAYO,18,4,JUEVES
20230519,2023-05-19,2023,2,5,MAYO,19,5,VIERNES
20230522,2023-05-22,2023,2,5,MAYO,22,1,LUNES
20230525,2023-05-25,2023,2,5,MAYO,25,4,JUEVES
20230526,2023-05-26,2023,2,5,MAYO,26,5,VIERNES
20230529,2023-05-29,2023,2,5,MAYO,29,1,LUNES
20230531,2023-05-31,2023,2,5,MAYO,31,3,MIERCOLES
20230601,2023-06-01,2023,2,6,JUNIO,1,4,JUEVES
20230604,2023-06-04,2023,2,6,JUNIO,4,7,DOMINGO
20230606,2023-06-06,2023,2,6,JUNIO,6,2,MARTES
20230607,2023-06-07,2023,2,6,JUNIO,7,3,MIERCOLES
20230609,2023-06-09,2023,2,6,JUNIO,9,5,VIERNES
20230611,2023-06-11,2023,2,6,JUNIO,11,7,DOMINGO
20230612,2023-06-12,2023,2,6,JUNIO,12,1,LUNES
20230613,2023-06-13,2023,2,6,JUNIO,13,2,MARTES
20230617,2023-06-17,2023,2,6,JUNIO,17,6,SABADO
20230618,2023-06-18,2023,2,6,JUNIO,18,7,DOMINGO
20230619,2023-06-19,2023,2,6,JUNIO,19,1,LUNES
20230620,2023-06-20,2023,2,6,JUNIO,20,2,MARTES
20230624,2023-06-24,2023,2,6,JUNIO,24,6,SABADO
20230625,2023-06-25,2023,2,6,JUNIO,25,7,DOMINGO
20230626,2023-06-26,2023,2,6,JUNIO,26,1,LUNES
20230628,2023-06-28,2023,2,6,JUNIO,28,3,MIERCOLES
20230629,2023-06-29,2023,2,6,JUNIO,29,4,JUEVES
20230630,2023-06-30,2023,2,6,JUNIO,30,5,VIERNES
20230702,2023-07-02,2023,3,7,JULIO,2,7,DOMINGO
20230703,2023-07-03,2023,3,7,JULIO,3,1,LUNES
20230704,2023-07-04,2023,3,7,JULIO,4,2,MARTES
20230705,2023-07-05,2023,3,7,JULIO,5,3,MIERCOLES
20230706,2023-07-06,2023,3,7,JULIO,6,4,JUEVES
20230707,2023-07-07,2023,3,7,JULIO,7,5,VIERNES
20230708,2023-07-08,2023,3,7,JULIO,8,6,SABADO
20230709,2023-07-09,2023,3,7,JULIO,9,7,DOMINGO
20230713,2023-07-13,2023,3,7,JULIO,13,4,JUEVES
20230714,2023-07-14,2023,3,7,JULIO,14,5,VIERNES
20230717,2023-07-17,2023,3,7,JULIO,17,1,LUNES
20230718,2023-07-18,2023,3,7,JULIO,18,2,MARTES
20230719,2023-07-19,2023,3,7,JULIO,19,3,MIERCOLES
20230721,2023-07-21,2023,3,7,JULIO,21,5,VIERNES
20230722,2023-07-22,2023,3,7,JULIO,22,6,SABADO
20230723,2023-07-23,2023,3,7,JULIO,23,7,DOMINGO
20230724,2023-07-24,2023,3,7,JULIO,24,1,LUNES
20230725,2023-07-25,2023,3,7,JULIO,25,2,MARTES
20230726,2023-07-26,2023,3,7,JULIO,26,3,MIERCOLES
20230727,2023-07-27,2023,3,7,JULIO,27,4,JUEVES
20230728,2023-07-28,2023,3,7,JULIO,28,5,VIERNES
20230729,2023-07-29,2023,3,7,JULIO,29,6,SABADO
20230731,2023-07-31,2023,3,7,JULIO,31,1,LUNES
20230802,2023-08-02,2023,3,8,AGOSTO,2,3,MIERCOLES
20230804,2023-08-04,2023,3,8,AGOSTO,4,5,VIERNES
20230805,2023-08-05,2023,3,8,AGOSTO,5,6,SABADO
20230808,2023-08-08,2023,3,8,AGOSTO,8,2,MARTES
20230809,2023-08-09,2023,3,8,AGOSTO,9,3,MIERCOLES
20230812,2023-08-12,2023,3,8,AGOSTO,12,6,SABADO
20230814,2023-08-14,2023,3,8,AGOSTO,14,1,LUNES
20230815,2023-08-15,2023,3,8,AGOSTO,15,2,MARTES
20230817,2023-08-17,2023,3,8,AGOSTO,17,4,JUEVES
20230819,2023-08-19,2023,3,8,AGOSTO,19,6,SABADO
20230820,2023-08-20,2023,3,8,AGOSTO,20,7,DOMINGO
20230826,2023-08-26,2023,3,8,AGOSTO,26,6,SABADO
20230829,2023-08-29,2023,3,8,AGOSTO,29,2,MARTES
20230830,2023-08-30,2023,3,8,AGOSTO,30,3,MIERCOLES
20230907,2023-09-07,2023,3,9,SEPTIEMBRE,7,4,JUEVES
20230908,2023-09-08,2023,3,9,SEPTIEMBRE,8,5,VIERNES
20230909,2023-09-09,2023,3,9,SEPTIEMBRE,9,6,SABADO
20230910,2023-09-10,2023,3,9,SEPTIEMBRE,10,7,DOMINGO
20230911,2023-09-11,2023,3,9,SEPTIEMBRE,11,1,LUNES
20230913,2023-09-13,2023,3,9,SEPTIEMBRE,13,3,MIERCOLES
20230915,2023-09-15,2023,3,9,SEPTIEMBRE,15,5,VIERNES
20230916,2023-09-16,2023,3,9,SEPTIEMBRE,16,6,SABADO
20230917,2023-09-17,2023,3,9,SEPTIEMBRE,17,7,DOMINGO
20230921,2023-09-21,2023,3,9,SEPTIEMBRE,21,4,JUEVES
20230922,2023-09-22,2023,3,9,SEPTIEMBRE,22,5,VIERNES
20230925,2023-09-25,2023,3,9,SEPTIEMBRE,25,1,LUNES
20230926,2023-09-26,2023,3,9,SEPTIEMBRE,26,2,MARTES
20230927,2023-09-27,2023,3,9,SEPTIEMBRE,27,3,MIERCOLES
20230928,2023-09-28,2023,3,9,SEPTIEMBRE,28,4,JUEVES
20230929,2023-09-29,2023,3,9,SEPTIEMBRE,29,5,VIERNES
20231001,2023-10-01,2023,4,10,OCTUBRE,1,7,DOMINGO
20231002,2023-10-02,2023,4,10,OCTUBRE,2,1,LUNES
20231004,2023-10-04,2023,4,10,OCTUBRE,4,3,MIERCOLES
20231005,2023-10-05,2023,4,10,OCTUBRE,5,4,JUEVES
20231007,2023-10-07,2023,4,10,OCTUBRE,7,6,SABADO
20231008,2023-10-08,2023,4,10,OCTUBRE,8,7,DOMINGO
20231009,2023-10-09,2023,4,10,OCTUBRE,9,1,LUNES
20231011,2023-10-11,2023,4,10,OCTUBRE,11,3,MIERCOLES
20231012,2023-10-12,2023,4,10,OCTUBRE,12,4,JUEVES
20231016,2023-10-16,2023,4,10,OCTUBRE,16,1,LUNES
20231017,2023-10-17,2023,4,10,OCTUBRE,17,2,MARTES
20231020,2023-10-20,2023,4,10,OCTUBRE,20,5,VIERNES
20231021,2023-10-21,2023,4,10,OCTUBRE,21,6,SABADO
20231022,2023-10-22,2023,4,10,OCTUBRE,22,7,DOMINGO
20231023,2023-10-23,2023,4,10,OCTUBRE,23,1,LUNES
20231025,2023-10-25,2023,4,10,OCTUBRE,25,3,MIERCOLES
20231027,2023-10-27,2023,4,10,OCTUBRE,27,5,VIERNES
20231028,2023-10-28,2023,4,10,OCTUBRE,28,6,SABADO
20231031,2023-10-31,2023,4,10,OCTUBRE,31,2,MARTES
20231101,2023-11-01,2023,4,11,NOVIEMBRE,1,3,MIERCOLES
20231102,2023-11-02,2023,4,11,NOVIEMBRE,2,4,JUEVES
20231103,2023-11-03,2023,4,11,NOVIEMBRE,3,5,VIERNES
20231104,2023-11-04,2023,4,11,NOVIEMBRE,4,6,SABADO
20231108,2023-11-08,2023,4,11,NOVIEMBRE,8,3,MIERCOLES
20231109,2023-11-09,2023,4,11,NOVIEMBRE,9,4,JUEVES
20231110,2023-11-10,2023,4,11,NOVIEMBRE,10,5,VIERNES
20231111,2023-11-11,2023,4,11,NOVIEMBRE,11,6,SABADO
20231113,2023-11-13,2023,4,11,NOVIEMBRE,13,1,LUNES
20231117,2023-11-17,2023,4,11,NOVIEMBRE,17,5,VIERNES
20231118,2023-11-18,2023,4,11,NOVIEMBRE,18,6,SABADO
20231120,2023-11-20,2023,4,11,NOVIEMBRE,20,1,LUNES
20231124,2023-11-24,2023,4,11,NOVIEMBRE,24,5,VIERNES
20231125,2023-11-25,2023,4,11,NOVIEMBRE,25,6,SABADO
20231126,2023-11-26,2023,4,11,NOVIEMBRE,26,7,DOMINGO
20231129,2023-11-29,2023,4,11,NOVIEMBRE,29,3,MIERCOLES
20231201,2023-12-01,2023,4,12,DICIEMBRE,1,5,VIERNES
20231202,2023-12-02,2023,4,12,DICIEMBRE,2,6,SABADO
20231205,2023-12-05,2023,4,12,DICIEMBRE,5,2,MARTES
20231207,2023-12-07,2023,4,12,DICIEMBRE,7,4,JUEVES
20231208,2023-12-08,2023,4,12,DICIEMBRE,8,5,VIERNES
20231210,2023-12-10,2023,4,12,DICIEMBRE,10,7,DOMINGO
20231211,2023-12-11,2023,4,12,DICIEMBRE,11,1,LUNES
20231213,2023-12-13,2023,4,12,DICIEMBRE,13,3,MIERCOLES
20231214,2023-12-14,2023,4,12,DICIEMBRE,14,4,JUEVES
20231217,2023-12-17,2023,4,12,DICIEMBRE,17,7,DOMINGO
20231218,2023-12-18,2023,4,12,DICIEMBRE,18,1,LUNES
20231219,2023-12-19,2023,4,12,DICIEMBRE,19,2,MARTES
20231221,2023-12-21,2023,4,12,DICIEMBRE,21,4,JUEVES
20231223,2023-12-23,2023,4,12,DICIEMBRE,23,6,SABADO
20231225,2023-12-25,2023,4,12,DICIEMBRE,25,1,LUNES
20231227,2023-12-27,2023,4,12,DICIEMBRE,27,3,MIERCOLES
20231228,2023-12-28,2023,4,12,DICIEMBRE,28,4,JUEVES
20231230,2023-12-30,2023,4,12,DICIEMBRE,30,6,SABADO
20231231,2023-12-31,2023,4,12,DICIEMBRE,31,7,DOMINGO
20240103,2024-01-03,2024,1,1,ENERO,3,3,MIERCOLES
20240106,2024-01-06,2024,1,1,ENERO,6,6,SABADO
20240107,2024-01-07,2024,1,1,ENERO,7,7,DOMINGO
20240108,2024-01-08,2024,1,1,ENERO,8,1,LUNES
20240109,2024-01-09,2024,1,1,ENERO,9,2,MARTES
20240111,2024-01-11,2024,1,1,ENERO,11,4,JUEVES
20240113,2024-01-13,2024,1,1,ENERO,13,6,SABADO
20240115,2024-01-15,2024,1,1,ENERO,15,1,LUNES
20240116,2024-01-16,2024,1,1,ENERO,16,2,MARTES
20240117,2024-01-17,2024,1,1,ENERO,17,3,MIERCOLES
20240119,2024-01-19,2024,1,1,ENERO,19,5,VIERNES
20240120,2024-01-20,2024,1,1,ENERO,20,6,SABADO
20240121,2024-01-21,2024,1,1,ENERO,21,7,DOMINGO
20240122,2024-01-22,2024,1,1,ENERO,22,1,LUNES
20240125,2024-01-25,2024,1,1,ENERO,25,4,JUEVES
20240127,2024-01-27,2024,1,1,ENERO,27,6,SABADO
20240128,2024-01-28,2024,1,1,ENERO,28,7,DOMINGO
20240129,2024-01-29,2024,1,1,ENERO,29,1,LUNES
20240130,2024-01-30,2024,1,1,ENERO,30,2,MARTES
20240131,2024-01-31,2024,1,1,ENERO,31,3,MIERCOLES
20240201,2024-02-01,2024,1,2,FEBRERO,1,4,JUEVES
20240202,2024-02-02,2024,1,2,FEBRERO,2,5,VIERNES
20240204,2024-02-04,2024,1,2,FEBRERO,4,7,DOMINGO
20240207,2024-02-07,2024,1,2,FEBRERO,7,3,MIERCOLES
20240208,2024-02-08,2024,1,2,FEBRERO,8,4,JUEVES
20240210,2024-02-10,2024,1,2,FEBRERO,10,6,SABADO
20240212,2024-02-12,2024,1,2,FEBRERO,12,1,LUNES
20240213,2024-02-13,2024,1,2,FEBRERO,13,2,MARTES
20240215,2024-02-15,2024,1,2,FEBRERO,15,4,JUEVES
20240217,2024-02-17,2024,1,2,FEBRERO,17,6,SABADO
20240218,2024-02-18,2024,1,2,FEBRERO,18,7,DOMINGO
20240219,2024-02-19,2024,1,2,FEBRERO,19,1,LUNES
20240221,2024-02-21,2024,1,2,FEBRERO,21,3,MIERCOLES
20240222,2024-02-22,2024,1,2,FEBRERO,22,4,JUEVES
20240225,2024-02-25,2024,1,2,FEBRERO,25,7,DOMINGO
20240228,2024-02-28,2024,1,2,FEBRERO,28,3,MIERCOLES
20240229,2024-02-29,2024,1,2,FEBRERO,29,4,JUEVES
20240302,2024-03-02,2024,1,3,MARZO,2,6,SABADO
20240303,2024-03-03,2024,1,3,MARZO,3,7,DOMINGO
20240304,2024-03-04,2024,1,3,MARZO,4,1,LUNES
20240309,2024-03-09,2024,1,3,MARZO,9,6,SABADO
20240310,2024-03-10,2024,1,3,MARZO,10,7,DOMINGO
20240311,2024-03-11,2024,1,3,MARZO,11,1,LUNES
20240312,2024-03-12,2024,1,3,MARZO,12,2,MARTES
20240313,2024-03-13,2024,1,3,MARZO,13,3,MIERCOLES
20240314,2024-03-14,2024,1,3,MARZO,14,4,JUEVES
20240315,2024-03-15,2024,1,3,MARZO,15,5,VIERNES
20240316,2024-03-16,2024,1,3,MARZO,16,6,SABADO
20240320,2024-03-20,2024,1,3,MARZO,20,3,MIERCOLES
20240321,2024-03-21,2024,1,3,MARZO,21,4,JUEVES
20240323,2024-03-23,2024,1,3,MARZO,23,6,SABADO
20240324,2024-03-24,2024,1,3,MARZO,24,7,DOMINGO
20240327,2024-03-27,2024,1,3,MARZO,27,3,MIERCOLES
20240328,2024-03-28,2024,1,3,MARZO,28,4,JUEVES
20240330,2024-03-30,2024,1,3,MARZO,30,6,SABADO
20240331,2024-03-31,2024,1,3,MARZO,31,7,DOMINGO
20240401,2024-04-01,2024,2,4,ABRIL,1,1,LUNES
20240402,2024-04-02,2024,2,4,ABRIL,2,2,MARTES
20240403,2024-04-03,2024,2,4,ABRIL,3,3,MIERCOLES
20240405,2024-04-05,2024,2,4,ABRIL,5,5,VIERNES
20240407,2024-04-07,2024,2,4,ABRIL,7,7,DOMINGO
20240409,2024-04-09,2024,2,4,ABRIL,9,2,MARTES
20240410,2024-04-10,2024,2,4,ABRIL,10,3,MIERCOLES
20240411,2024-04-11,2024,2,4,ABRIL,11,4,JUEVES
20240414,2024-04-14,2024,2,4,ABRIL,14,7,DOMINGO
20240416,2024-04-16,2024,2,4,ABRIL,16,2,MARTES
20240417,2024-04-17,2024,2,4,ABRIL,17,3,MIERCOLES
20240418,2024-04-18,2024,2,4,ABRIL,18,4,JUEVES
20240419,2024-04-19,2024,2,4,ABRIL,19,5,VIERNES
20240421,2024-04-21,2024,2,4,ABRIL,21,7,DOMINGO
20240422,2024-04-22,2024,2,4,ABRIL,22,1,LUNES
20240424,2024-04-24,2024,2,4,ABRIL,24,3,MIERCOLES
20240428,2024-04-28,2024,2,4,ABRIL,28,7,DOMINGO
20240429,2024-04-29,2024,2,4,ABRIL,29,1,LUNES
20240430,2024-04-30,2024,2,4,ABRIL,30,2,MARTES
20240502,2024-05-02,2024,2,5,MAYO,2,4,JUEVES
20240504,2024-05-04,2024,2,5,MAYO,4,6,SABADO
20240508,2024-05-08,2024,2,5,MAYO,8,3,MIERCOLES
20240510,2024-05-10,2024,2,5,MAYO,10,5,VIERNES
20240514,2024-05-14,2024,2,5,MAYO,14,2,MARTES
20240515,2024-05-15,2024,2,5,MAYO,15,3,MIERCOLES
20240517,2024-05-17,2024,2,5,MAYO,17,5,VIERNES
20240518,2024-05-18,2024,2,5,MAYO,18,6,SABADO
20240519,2024-05-19,2024,2,5,MAYO,19,7,DOMINGO
20240521,2024-05-21,2024,2,5,MAYO,21,2,MARTES
20240522,2024-05-22,2024,2,5,MAYO,22,3,MIERCOLES
20240523,2024-05-23,2024,2,5,MAYO,23,4,JUEVES
20240524,2024-05-24,2024,2,5,MAYO,24,5,VIERNES
20240525,2024-05-25,2024,2,5,MAYO,25,6,SABADO
20240526,2024-05-26,2024,2,5,MAYO,26,7,DOMINGO
20240527,2024-05-27,2024,2,5,MAYO,27,1,LUNES
20240528,2024-05-28,2024,2,5,MAYO,28,2,MARTES
20240530,2024-05-30,2024,2,5,MAYO,30,4,JUEVES
20240602,2024-06-02,2024,2,6,JUNIO,2,7,DOMINGO
20240603,2024-06-03,2024,2,6,JUNIO,3,1,LUNES
20240604,2024-06-04,2024,2,6,JUNIO,4,2,MARTES
20240605,2024-06-05,2024,2,6,JUNIO,5,3,MIERCOLES
20240606,2024-06-06,2024,2,6,JUNIO,6,4,JUEVES
20240607,2024-06-07,2024,2,6,JUNIO,7,5,VIERNES
20240608,2024-06-08,2024,2,6,JUNIO,8,6,SABADO
20240610,2024-06-10,2024,2,6,JUNIO,10,1,LUNES
20240611,2024-06-11,2024,2,6,JUNIO,11,2,MARTES
20240612,2024-06-12,2024,2,6,JUNIO,12,3,MIERCOLES
20240613,2024-06-13,2024,2,6,JUNIO,13,4,JUEVES
20240617,2024-06-17,2024,2,6,JUNIO,17,1,LUNES
20240618,2024-06-18,2024,2,6,JUNIO,18,2,MARTES
20240620,2024-06-20,2024,2,6,JUNIO,20,4,JUEVES
20240622,2024-06-22,2024,2,6,JUNIO,22,6,SABADO
20240623,2024-06-23,2024,2,6,JUNIO,23,7,DOMINGO
20240624,2024-06-24,2024,2,6,JUNIO,24,1,LUNES
20240625,2024-06-25,2024,2,6,JUNIO,25,2,MARTES
20240626,2024-06-26,2024,2,6,JUNIO,26,3,MIERCOLES
20240627,2024-06-27,2024,2,6,JUNIO,27,4,JUEVES
20240628,2024-06-28,2024,2,6,JUNIO,28,5,VIERNES
20240629,2024-06-29,2024,2,6,JUNIO,29,6,SABADO
20240630,2024-06-30,2024,2,6,JUNIO,30,7,DOMINGO
20240701,2024-07-01,2024,3,7,JULIO,1,1,LUNES
20240704,2024-07-04,2024,3,7,JULIO,4,4,JUEVES
20240705,2024-07-05,2024,3,7,JULIO,5,5,VIERNES
20240707,2024-07-07,2024,3,7,JULIO,7,7,DOMINGO
20240708,2024-07-08,2024,3,7,JULIO,8,1,LUNES
20240709,2024-07-09,2024,3,7,JULIO,9,2,MARTES
20240712,2024-07-12,2024,3,7,JULIO,12,5,VIERNES
20240715,2024-07-15,2024,3,7,JULIO,15,1,LUNES
20240720,2024-07-20,2024,3,7,JULIO,20,6,SABADO
20240721,2024-07-21,2024,3,7,JULIO,21,7,DOMINGO
20240722,2024-07-22,2024,3,7,JULIO,22,1,LUNES
20240723,2024-07-23,2024,3,7,JULIO,23,2,MARTES
20240724,2024-07-24,2024,3,7,JULIO,24,3,MIERCOLES
20240727,2024-07-27,2024,3,7,JULIO,27,6,SABADO
20240728,2024-07-28,2024,3,7,JULIO,28,7,DOMINGO
20240730,2024-07-30,2024,3,7,JULIO,30,2,MARTES
20240731,2024-07-31,2024,3,7,JULIO,31,3,MIERCOLES
20240803,2024-08-03,2024,3,8,AGOSTO,3,6,SABADO
20240804,2024-08-04,2024,3,8,AGOSTO,4,7,DOMINGO
20240806,2024-08-06,2024,3,8,AGOSTO,6,2,MARTES
20240809,2024-08-09,2024,3,8,AGOSTO,9,5,VIERNES
20240810,2024-08-10,2024,3,8,AGOSTO,10,6,SABADO
20240812,2024-08-12,2024,3,8,AGOSTO,12,1,LUNES
20240813,2024-08-13,2024,3,8,AGOSTO,13,2,MARTES
20240816,2024-08-16,2024,3,8,AGOSTO,16,5,VIERNES
20240817,2024-08-17,2024,3,8,AGOSTO,17,6,SABADO
20240818,2024-08-18,2024,3,8,AGOSTO,18,7,DOMINGO
20240819,2024-08-19,2024,3,8,AGOSTO,19,1,LUNES
20240820,2024-08-20,2024,3,8,AGOSTO,20,2,MARTES
20240823,2024-08-23,2024,3,8,AGOSTO,23,5,VIERNES
20240825,2024-08-25,2024,3,8,AGOSTO,25,7,DOMINGO
20240826,2024-08-26,2024,3,8,AGOSTO,26,1,LUNES
20240828,2024-08-28,2024,3,8,AGOSTO,28,3,MIERCOLES
20240830,2024-08-30,2024,3,8,AGOSTO,30,5,VIERNES
20240831,2024-08-31,2024,3,8,AGOSTO,31,6,SABADO
20240901,2024-09-01,2024,3,9,SEPTIEMBRE,1,7,DOMINGO
20240902,2024-09-02,2024,3,9,SEPTIEMBRE,2,1,LUNES
20240903,2024-09-03,2024,3,9,SEPTIEMBRE,3,2,MARTES
20240904,2024-09-04,2024,3,9,SEPTIEMBRE,4,3,MIERCOLES
20240905,2024-09-05,2024,3,9,SEPTIEMBRE,5,4,JUEVES
20240906,2024-09-06,2024,3,9,SEPTIEMBRE,6,5,VIERNES
20240908,2024-09-08,2024,3,9,SEPTIEMBRE,8,7,DOMINGO
20240909,2024-09-09,2024,3,9,SEPTIEMBRE,9,1,LUNES
20240911,2024-09-11,2024,3,9,SEPTIEMBRE,11,3,MIERCOLES
20240913,2024-09-13,2024,3,9,SEPTIEMBRE,13,5,VIERNES
20240914,2024-09-14,2024,3,9,SEPTIEMBRE,14,6,SABADO
20240915,2024-09-15,2024,3,9,SEPTIEMBRE,15,7,DOMINGO
20240917,2024-09-17,2024,3,9,SEPTIEMBRE,17,2,MARTES
20240920,2024-09-20,2024,3,9,SEPTIEMBRE,20,5,VIERNES
20240921,2024-09-21,2024,3,9,SEPTIEMBRE,21,6,SABADO
20240922,2024-09-22,2024,3,9,SEPTIEMBRE,22,7,DOMINGO
20240924,2024-09-24,2024,3,9,SEPTIEMBRE,24,2,MARTES
20240925,2024-09-25,2024,3,9,SEPTIEMBRE,25,3,MIERCOLES
20240927,2024-09-27,2024,3,9,SEPTIEMBRE,27,5,VIERNES
20240929,2024-09-29,2024,3,9,SEPTIEMBRE,29,7,DOMINGO
20240930,2024-09-30,2024,3,9,SEPTIEMBRE,30,1,LUNES
20241001,2024-10-01,2024,4,10,OCTUBRE,1,2,MARTES
20241002,2024-10-02,2024,4,10,OCTUBRE,2,3,MIERCOLES
20241003,2024-10-03,2024,4,10,OCTUBRE,3,4,JUEVES
20241006,2024-10-06,2024,4,10,OCTUBRE,6,7,DOMINGO
20241007,2024-10-07,2024,4,10,OCTUBRE,7,1,LUNES
20241008,2024-10-08,2024,4,10,OCTUBRE,8,2,MARTES
20241009,2024-10-09,2024,4,10,OCTUBRE,9,3,MIERCOLES
20241010,2024-10-10,2024,4,10,OCTUBRE,10,4,JUEVES
20241012,2024-10-12,2024,4,10,OCTUBRE,12,6,SABADO
20241013,2024-10-13,2024,4,10,OCTUBRE,13,7,DOMINGO
20241014,2024-10-14,2024,4,10,OCTUBRE,14,1,LUNES
20241017,2024-10-17,2024,4,10,OCTUBRE,17,4,JUEVES
20241019,2024-10-19,2024,4,10,OCTUBRE,19,6,SABADO
20241021,2024-10-21,2024,4,10,OCTUBRE,21,1,LUNES
20241024,2024-10-24,2024,4,10,OCTUBRE,24,4,JUEVES
20241027,2024-10-27,2024,4,10,OCTUBRE,27,7,DOMINGO
20241029,2024-10-29,2024,4,10,OCTUBRE,29,2,MARTES
20241101,2024-11-01,2024,4,11,NOVIEMBRE,1,5,VIERNES
20241102,2024-11-02,2024,4,11,NOVIEMBRE,2,6,SABADO
20241103,2024-11-03,2024,4,11,NOVIEMBRE,3,7,DOMINGO
20241104,2024-11-04,2024,4,11,NOVIEMBRE,4,1,LUNES
20241105,2024-11-05,2024,4,11,NOVIEMBRE,5,2,MARTES
20241107,2024-11-07,2024,4,11,NOVIEMBRE,7,4,JUEVES
20241110,2024-11-10,2024,4,11,NOVIEMBRE,10,7,DOMINGO
20241112,2024-11-12,2024,4,11,NOVIEMBRE,12,2,MARTES
20241113,2024-11-13,2024,4,11,NOVIEMBRE,13,3,MIERCOLES
20241114,2024-11-14,2024,4,11,NOVIEMBRE,14,4,JUEVES
20241115,2024-11-15,2024,4,11,NOVIEMBRE,15,5,VIERNES
20241117,2024-11-17,2024,4,11,NOVIEMBRE,17,7,DOMINGO
20241118,2024-11-18,2024,4,11,NOVIEMBRE,18,1,LUNES
20241120,2024-11-20,2024,4,11,NOVIEMBRE,20,3,MIERCOLES
20241121,2024-11-21,2024,4,11,NOVIEMBRE,21,4,JUEVES
20241123,2024-11-23,2024,4,11,NOVIEMBRE,23,6,SABADO
20241125,2024-11-25,2024,4,11,NOVIEMBRE,25,1,LUNES
20241127,2024-11-27,2024,4,11,NOVIEMBRE,27,3,MIERCOLES
20241128,2024-11-28,2024,4,11,NOVIEMBRE,28,4,JUEVES
20241129,2024-11-29,2024,4,11,NOVIEMBRE,29,5,VIERNES
20241130,2024-11-30,2024,4,11,NOVIEMBRE,30,6,SABADO
20241201,2024-12-01,2024,4,12,DICIEMBRE,1,7,DOMINGO
20241202,2024-12-02,2024,4,12,DICIEMBRE,2,1,LUNES
20241204,2024-12-04,2024,4,12,DICIEMBRE,4,3,MIERCOLES
20241205,2024-12-05,2024,4,12,DICIEMBRE,5,4,JUEVES
20241207,2024-12-07,2024,4,12,DICIEMBRE,7,6,SABADO
20241209,2024-12-09,2024,4,12,DICIEMBRE,9,1,LUNES
20241210,2024-12-10,2024,4,12,DICIEMBRE,10,2,MARTES
20241211,2024-12-11,2024,4,12,DICIEMBRE,11,3,MIERCOLES
20241212,2024-12-12,2024,4,12,DICIEMBRE,12,4,JUEVES
20241214,2024-12-14,2024,4,12,DICIEMBRE,14,6,SABADO
20241217,2024-12-17,2024,4,12,DICIEMBRE,17,2,MARTES
20241219,2024-12-19,2024,4,12,DICIEMBRE,19,4,JUEVES
20241220,2024-12-20,2024,4,12,DICIEMBRE,20,5,VIERNES
20241222,2024-12-22,2024,4,12,DICIEMBRE,22,7,DOMINGO
20241224,2024-12-24,2024,4,12,DICIEMBRE,24,2,MARTES
20241226,2024-12-26,2024,4,12,DICIEMBRE,26,4,JUEVES
20241228,2024-12-28,2024,4,12,DICIEMBRE,28,6,SABADO
20241229,2024-12-29,2024,4,12,DICIEMBRE,29,7,DOMINGO
20250101,2025-01-01,2025,1,1,ENERO,1,3,MIERCOLES
20250102,2025-01-02,2025,1,1,ENERO,2,4,JUEVES
20250103,2025-01-03,2025,1,1,ENERO,3,5,VIERNES
20250104,2025-01-04,2025,1,1,ENERO,4,6,SABADO
20250105,2025-01-05,2025,1,1,ENERO,5,7,DOMINGO
20250107,2025-01-07,2025,1,1,ENERO,7,2,MARTES
20250108,2025-01-08,2025,1,1,ENERO,8,3,MIERCOLES
20250109,2025-01-09,2025,1,1,ENERO,9,4,JUEVES
20250110,2025-01-10,2025,1,1,ENERO,10,5,VIERNES
20250111,2025-01-11,2025,1,1,ENERO,11,6,SABADO
20250117,2025-01-17,2025,1,1,ENERO,17,5,VIERNES
20250118,2025-01-18,2025,1,1,ENERO,18,6,SABADO
20250120,2025-01-20,2025,1,1,ENERO,20,1,LUNES
20250121,2025-01-21,2025,1,1,ENERO,21,2,MARTES
20250123,2025-01-23,2025,1,1,ENERO,23,4,JUEVES
20250124,2025-01-24,2025,1,1,ENERO,24,5,VIERNES
20250125,2025-01-25,2025,1,1,ENERO,25,6,SABADO
20250126,2025-01-26,2025,1,1,ENERO,26,7,DOMINGO
20250201,2025-02-01,2025,1,2,FEBRERO,1,6,SABADO
20250202,2025-02-02,2025,1,2,FEBRERO,2,7,DOMINGO
20250203,2025-02-03,2025,1,2,FEBRERO,3,1,LUNES
20250204,2025-02-04,2025,1,2,FEBRERO,4,2,MARTES
20250205,2025-02-05,2025,1,2,FEBRERO,5,3,MIERCOLES
20250207,2025-02-07,2025,1,2,FEBRERO,7,5,VIERNES
20250208,2025-02-08,2025,1,2,FEBRERO,8,6,SABADO
20250212,2025-02-12,2025,1,2,FEBRERO,12,3,MIERCOLES
20250213,2025-02-13,2025,1,2,FEBRERO,13,4,JUEVES
20250214,2025-02-14,2025,1,2,FEBRERO,14,5,VIERNES
20250216,2025-02-16,2025,1,2,FEBRERO,16,7,DOMINGO
20250218,2025-02-18,2025,1,2,FEBRERO,18,2,MARTES
20250220,2025-02-20,2025,1,2,FEBRERO,20,4,JUEVES
20250221,2025-02-21,2025,1,2,FEBRERO,21,5,VIERNES
20250223,2025-02-23,2025,1,2,FEBRERO,23,7,DOMINGO
20250224,2025-02-24,2025,1,2,FEBRERO,24,1,LUNES
20250225,2025-02-25,2025,1,2,FEBRERO,25,2,MARTES
20250228,2025-02-28,2025,1,2,FEBRERO,28,5,VIERNES
20250301,2025-03-01,2025,1,3,MARZO,1,6,SABADO
20250302,2025-03-02,2025,1,3,MARZO,2,7,DOMINGO
20250303,2025-03-03,2025,1,3,MARZO,3,1,LUNES
20250304,2025-03-04,2025,1,3,MARZO,4,2,MARTES
20250305,2025-03-05,2025,1,3,MARZO,5,3,MIERCOLES
20250307,2025-03-07,2025,1,3,MARZO,7,5,VIERNES
20250308,2025-03-08,2025,1,3,MARZO,8,6,SABADO
20250309,2025-03-09,2025,1,3,MARZO,9,7,DOMINGO
20250310,2025-03-10,2025,1,3,MARZO,10,1,LUNES
20250311,2025-03-11,2025,1,3,MARZO,11,2,MARTES
20250312,2025-03-12,2025,1,3,MARZO,12,3,MIERCOLES
20250313,2025-03-13,2025,1,3,MARZO,13,4,JUEVES
20250315,2025-03-15,2025,1,3,MARZO,15,6,SABADO
20250317,2025-03-17,2025,1,3,MARZO,17,1,LUNES
20250318,2025-03-18,2025,1,3,MARZO,18,2,MARTES
20250319,2025-03-19,2025,1,3,MARZO,19,3,MIERCOLES
20250320,2025-03-20,2025,1,3,MARZO,20,4,JUEVES
20250323,2025-03-23,2025,1,3,MARZO,23,7,DOMINGO
20250324,2025-03-24,2025,1,3,MARZO,24,1,LUNES
20250325,2025-03-25,2025,1,3,MARZO,25,2,MARTES
20250326,2025-03-26,2025,1,3,MARZO,26,3,MIERCOLES
20250327,2025-03-27,2025,1,3,MARZO,27,4,JUEVES
20250328,2025-03-28,2025,1,3,MARZO,28,5,VIERNES
20250331,2025-03-31,2025,1,3,MARZO,31,1,LUNES
20250402,2025-04-02,2025,2,4,ABRIL,2,3,MIERCOLES
20250404,2025-04-04,2025,2,4,ABRIL,4,5,VIERNES
20250405,2025-04-05,2025,2,4,ABRIL,5,6,SABADO
20250407,2025-04-07,2025,2,4,ABRIL,7,1,LUNES
20250408,2025-04-08,2025,2,4,ABRIL,8,2,MARTES
20250410,2025-04-10,2025,2,4,ABRIL,10,4,JUEVES
20250415,2025-04-15,2025,2,4,ABRIL,15,2,MARTES
20250416,2025-04-16,2025,2,4,ABRIL,16,3,MIERCOLES
20250417,2025-04-17,2025,2,4,ABRIL,17,4,JUEVES
20250421,2025-04-21,2025,2,4,ABRIL,21,1,LUNES
20250422,2025-04-22,2025,2,4,ABRIL,22,2,MARTES
20250423,2025-04-23,2025,2,4,ABRIL,23,3,MIERCOLES
20250426,2025-04-26,2025,2,4,ABRIL,26,6,SABADO
20250427,2025-04-27,2025,2,4,ABRIL,27,7,DOMINGO
20250428,2025-04-28,2025,2,4,ABRIL,28,1,LUNES
20250429,2025-04-29,2025,2,4,ABRIL,29,2,MARTES
20250430,2025-04-30,2025,2,4,ABRIL,30,3,MIERCOLES
20250501,2025-05-01,2025,2,5,MAYO,1,4,JUEVES
20250503,2025-05-03,2025,2,5,MAYO,3,6,SABADO
20250504,2025-05-04,2025,2,5,MAYO,4,7,DOMINGO
20250506,2025-05-06,2025,2,5,MAYO,6,2,MARTES
20250507,2025-05-07,2025,2,5,MAYO,7,3,MIERCOLES
20250508,2025-05-08,2025,2,5,MAYO,8,4,JUEVES
20250509,2025-05-09,2025,2,5,MAYO,9,5,VIERNES
20250510,2025-05-10,2025,2,5,MAYO,10,6,SABADO
20250511,2025-05-11,2025,2,5,MAYO,11,7,DOMINGO
20250512,2025-05-12,2025,2,5,MAYO,12,1,LUNES
20250513,2025-05-13,2025,2,5,MAYO,13,2,MARTES
20250514,2025-05-14,2025,2,5,MAYO,14,3,MIERCOLES
20250515,2025-05-15,2025,2,5,MAYO,15,4,JUEVES
20250517,2025-05-17,2025,2,5,MAYO,17,6,SABADO
20250518,2025-05-18,2025,2,5,MAYO,18,7,DOMINGO
20250519,2025-05-19,2025,2,5,MAYO,19,1,LUNES
20250520,2025-05-20,2025,2,5,MAYO,20,2,MARTES
20250522,2025-05-22,2025,2,5,MAYO,22,4,JUEVES
20250524,2025-05-24,2025,2,5,MAYO,24,6,SABADO
20250525,2025-05-25,2025,2,5,MAYO,25,7,DOMINGO
20250526,2025-05-26,2025,2,5,MAYO,26,1,LUNES
20250527,2025-05-27,2025,2,5,MAYO,27,2,MARTES
20250528,2025-05-28,2025,2,5,MAYO,28,3,MIERCOLES
20250530,2025-05-30,2025,2,5,MAYO,30,5,VIERNES
20250601,2025-06-01,2025,2,6,JUNIO,1,7,DOMINGO
20250602,2025-06-02,2025,2,6,JUNIO,2,1,LUNES
20250603,2025-06-03,2025,2,6,JUNIO,3,2,MARTES
20250604,2025-06-04,2025,2,6,JUNIO,4,3,MIERCOLES
20250606,2025-06-06,2025,2,6,JUNIO,6,5,VIERNES
20250608,2025-06-08,2025,2,6,JUNIO,8,7,DOMINGO
20250609,2025-06-09,2025,2,6,JUNIO,9,1,LUNES
20250610,2025-06-10,2025,2,6,JUNIO,10,2,MARTES
20250612,2025-06-12,2025,2,6,JUNIO,12,4,JUEVES
20250614,2025-06-14,2025,2,6,JUNIO,14,6,SABADO
20250617,2025-06-17,2025,2,6,JUNIO,17,2,MARTES
20250618,2025-06-18,2025,2,6,JUNIO,18,3,MIERCOLES
20250622,2025-06-22,2025,2,6,JUNIO,22,7,DOMINGO
20250623,2025-06-23,2025,2,6,JUNIO,23,1,LUNES
20250624,2025-06-24,2025,2,6,JUNIO,24,2,MARTES
20250625,2025-06-25,2025,2,6,JUNIO,25,3,MIERCOLES
20250626,2025-06-26,2025,2,6,JUNIO,26,4,JUEVES
20250627,2025-06-27,2025,2,6,JUNIO,27,5,VIERNES
20250628,2025-06-28,2025,2,6,JUNIO,28,6,SABADO
20250629,2025-06-29,2025,2,6,JUNIO,29,7,DOMINGO
20250701,2025-07-01,2025,3,7,JULIO,1,2,MARTES
20250703,2025-07-03,2025,3,7,JULIO,3,4,JUEVES
20250704,2025-07-04,2025,3,7,JULIO,4,5,VIERNES
20250706,2025-07-06,2025,3,7,JULIO,6,7,DOMINGO
20250707,2025-07-07,2025,3,7,JULIO,7,1,LUNES
20250709,2025-07-09,2025,3,7,JULIO,9,3,MIERCOLES
20250710,2025-07-10,2025,3,7,JULIO,10,4,JUEVES
20250712,2025-07-12,2025,3,7,JULIO,12,6,SABADO
20250713,2025-07-13,2025,3,7,JULIO,13,7,DOMINGO
20250714,2025-07-14,2025,3,7,JULIO,14,1,LUNES
20250715,2025-07-15,2025,3,7,JULIO,15,2,MARTES
20250716,2025-07-16,2025,3,7,JULIO,16,3,MIERCOLES
20250717,2025-07-17,2025,3,7,JULIO,17,4,JUEVES
20250719,2025-07-19,2025,3,7,JULIO,19,6,SABADO
20250724,2025-07-24,2025,3,7,JULIO,24,4,JUEVES
20250725,2025-07-25,2025,3,7,JULIO,25,5,VIERNES
20250726,2025-07-26,2025,3,7,JULIO,26,6,SABADO
20250727,2025-07-27,2025,3,7,JULIO,27,7,DOMINGO
20250729,2025-07-29,2025,3,7,JULIO,29,2,MARTES
20250730,2025-07-30,2025,3,7,JULIO,30,3,MIERCOLES
20250731,2025-07-31,2025,3,7,JULIO,31,4,JUEVES
20250801,2025-08-01,2025,3,8,AGOSTO,1,5,VIERNES
20250802,2025-08-02,2025,3,8,AGOSTO,2,6,SABADO
20250803,2025-08-03,2025,3,8,AGOSTO,3,7,DOMINGO
20250805,2025-08-05,2025,3,8,AGOSTO,5,2,MARTES
20250807,2025-08-07,2025,3,8,AGOSTO,7,4,JUEVES
20250808,2025-08-08,2025,3,8,AGOSTO,8,5,VIERNES
20250811,2025-08-11,2025,3,8,AGOSTO,11,1,LUNES
20250813,2025-08-13,2025,3,8,AGOSTO,13,3,MIERCOLES
20250814,2025-08-14,2025,3,8,AGOSTO,14,4,JUEVES
20250815,2025-08-15,2025,3,8,AGOSTO,15,5,VIERNES
20250816,2025-08-16,2025,3,8,AGOSTO,16,6,SABADO
20250817,2025-08-17,2025,3,8,AGOSTO,17,7,DOMINGO
20250818,2025-08-18,2025,3,8,AGOSTO,18,1,LUNES
20250819,2025-08-19,2025,3,8,AGOSTO,19,2,MARTES
20250820,2025-08-20,2025,3,8,AGOSTO,20,3,MIERCOLES
20250821,2025-08-21,2025,3,8,AGOSTO,21,4,JUEVES
20250823,2025-08-23,2025,3,8,AGOSTO,23,6,SABADO
20250824,2025-08-24,2025,3,8,AGOSTO,24,7,DOMINGO
20250825,2025-08-25,2025,3,8,AGOSTO,25,1,LUNES
20250827,2025-08-27,2025,3,8,AGOSTO,27,3,MIERCOLES
20250828,2025-08-28,2025,3,8,AGOSTO,28,4,JUEVES
20250831,2025-08-31,2025,3,8,AGOSTO,31,7,DOMINGO
20250901,2025-09-01,2025,3,9,SEPTIEMBRE,1,1,LUNES
20250904,2025-09-04,2025,3,9,SEPTIEMBRE,4,4,JUEVES
20250905,2025-09-05,2025,3,9,SEPTIEMBRE,5,5,VIERNES
20250908,2025-09-08,2025,3,9,SEPTIEMBRE,8,1,LUNES
20250909,2025-09-09,2025,3,9,SEPTIEMBRE,9,2,MARTES
20250912,2025-09-12,2025,3,9,SEPTIEMBRE,12,5,VIERNES
20250913,2025-09-13,2025,3,9,SEPTIEMBRE,13,6,SABADO
20250915,2025-09-15,2025,3,9,SEPTIEMBRE,15,1,LUNES
20250916,2025-09-16,2025,3,9,SEPTIEMBRE,16,2,MARTES
20250917,2025-09-17,2025,3,9,SEPTIEMBRE,17,3,MIERCOLES
20250918,2025-09-18,2025,3,9,SEPTIEMBRE,18,4,JUEVES
20250919,2025-09-19,2025,3,9,SEPTIEMBRE,19,5,VIERNES
20250920,2025-09-20,2025,3,9,SEPTIEMBRE,20,6,SABADO
20250921,2025-09-21,2025,3,9,SEPTIEMBRE,21,7,DOMINGO
20250923,2025-09-23,2025,3,9,SEPTIEMBRE,23,2,MARTES
20250924,2025-09-24,2025,3,9,SEPTIEMBRE,24,3,MIERCOLES
20250926,2025-09-26,2025,3,9,SEPTIEMBRE,26,5,VIERNES
20250927,2025-09-27,2025,3,9,SEPTIEMBRE,27,6,SABADO
20250928,2025-09-28,2025,3,9,SEPTIEMBRE,28,7,DOMINGO
20250929,2025-09-29,2025,3,9,SEPTIEMBRE,29,1,LUNES
20250930,2025-09-30,2025,3,9,SEPTIEMBRE,30,2,MARTES
20251001,2025-10-01,2025,4,10,OCTUBRE,1,3,MIERCOLES
20251006,2025-10-06,2025,4,10,OCTUBRE,6,1,LUNES
20251009,2025-10-09,2025,4,10,OCTUBRE,9,4,JUEVES
20251010,2025-10-10,2025,4,10,OCTUBRE,10,5,VIERNES
20251011,2025-10-11,2025,4,10,OCTUBRE,11,6,SABADO
20251012,2025-10-12,2025,4,10,OCTUBRE,12,7,DOMINGO
20251013,2025-10-13,2025,4,10,OCTUBRE,13,1,LUNES
20251014,2025-10-14,2025,4,10,OCTUBRE,14,2,MARTES
20251015,2025-10-15,2025,4,10,OCTUBRE,15,3,MIERCOLES
20251017,2025-10-17,2025,4,10,OCTUBRE,17,5,VIERNES
20251020,2025-10-20,2025,4,10,OCTUBRE,20,1,LUNES
20251021,2025-10-21,2025,4,10,OCTUBRE,21,2,MARTES
20251022,2025-10-22,2025,4,10,OCTUBRE,22,3,MIERCOLES
20251024,2025-10-24,2025,4,10,OCTUBRE,24,5,VIERNES
20251026,2025-10-26,2025,4,10,OCTUBRE,26,7,DOMINGO
20251027,2025-10-27,2025,4,10,OCTUBRE,27,1,LUNES
20251028,2025-10-28,2025,4,10,OCTUBRE,28,2,MARTES
20251029,2025-10-29,2025,4,10,OCTUBRE,29,3,MIERCOLES
20251101,2025-11-01,2025,4,11,NOVIEMBRE,1,6,SABADO
20251102,2025-11-02,2025,4,11,NOVIEMBRE,2,7,DOMINGO
20251103,2025-11-03,2025,4,11,NOVIEMBRE,3,1,LUNES
20251107,2025-11-07,2025,4,11,NOVIEMBRE,7,5,VIERNES
20251110,2025-11-10,2025,4,11,NOVIEMBRE,10,1,LUNES
20251113,2025-11-13,2025,4,11,NOVIEMBRE,13,4,JUEVES
20251118,2025-11-18,2025,4,11,NOVIEMBRE,18,2,MARTES
20251119,2025-11-19,2025,4,11,NOVIEMBRE,19,3,MIERCOLES
20251120,2025-11-20,2025,4,11,NOVIEMBRE,20,4,JUEVES
20251122,2025-11-22,2025,4,11,NOVIEMBRE,22,6,SABADO
20251123,2025-11-23,2025,4,11,NOVIEMBRE,23,7,DOMINGO
20251124,2025-11-24,2025,4,11,NOVIEMBRE,24,1,LUNES
20251125,2025-11-25,2025,4,11,NOVIEMBRE,25,2,MARTES
20251126,2025-11-26,2025,4,11,NOVIEMBRE,26,3,MIERCOLES
20251128,2025-11-28,2025,4,11,NOVIEMBRE,28,5,VIERNES
20251129,2025-11-29,2025,4,11,NOVIEMBRE,29,6,SABADO
20251130,2025-11-30,2025,4,11,NOVIEMBRE,30,7,DOMINGO
20251203,2025-12-03,2025,4,12,DICIEMBRE,3,3,MIERCOLES
20251205,2025-12-05,2025,4,12,DICIEMBRE,5,5,VIERNES
20251206,2025-12-06,2025,4,12,DICIEMBRE,6,6,SABADO
20251212,2025-12-12,2025,4,12,DICIEMBRE,12,5,VIERNES
20251213,2025-12-13,2025,4,12,DICIEMBRE,13,6,SABADO
20251214,2025-12-14,2025,4,12,DICIEMBRE,14,7,DOMINGO
20251216,2025-12-16,2025,4,12,DICIEMBRE,16,2,MARTES
20251218,2025-12-18,2025,4,12,DICIEMBRE,18,4,JUEVES
20251221,2025-12-21,2025,4,12,DICIEMBRE,21,7,DOMINGO
20251222,2025-12-22,2025,4,12,DICIEMBRE,22,1,LUNES
20251223,2025-12-23,2025,4,12,DICIEMBRE,23,2,MARTES
20251224,2025-12-24,2025,4,12,DICIEMBRE,24,3,MIERCOLES
20251225,2025-12-25,2025,4,12,DICIEMBRE,25,4,JUEVES
20251226,2025-12-26,2025,4,12,DICIEMBRE,26,5,VIERNES
20251228,2025-12-28,2025,4,12,DICIEMBRE,28,7,DOMINGO
20251231,2025-12-31,2025,4,12,DICIEMBRE,31,3,MIERCOLES
20260105,2026-01-05,2026,1,1,ENERO,5,1,LUNES
20260107,2026-01-07,2026,1,1,ENERO,7,3,MIERCOLES
20260112,2026-01-12,2026,1,1,ENERO,12,1,LUNES
20260113,2026-01-13,2026,1,1,ENERO,13,2,MARTES
20260114,2026-01-14,2026,1,1,ENERO,14,3,MIERCOLES
20260115,2026-01-15,2026,1,1,ENERO,15,4,JUEVES
20260116,2026-01-16,2026,1,1,ENERO,16,5,VIERNES
20260117,2026-01-17,2026,1,1,ENERO,17,6,SABADO
20260118,2026-01-18,2026,1,1,ENERO,18,7,DOMINGO
20260119,2026-01-19,2026,1,1,ENERO,19,1,LUNES
20260123,2026-01-23,2026,1,1,ENERO,23,5,VIERNES
20260124,2026-01-24,2026,1,1,ENERO,24,6,SABADO
20260125,2026-01-25,2026,1,1,ENERO,25,7,DOMINGO
20260128,2026-01-28,2026,1,1,ENERO,28,3,MIERCOLES
20260130,2026-01-30,2026,1,1,ENERO,30,5,VIERNES
20260201,2026-02-01,2026,1,2,FEBRERO,1,7,DOMINGO
20260203,2026-02-03,2026,1,2,FEBRERO,3,2,MARTES
20260204,2026-02-04,2026,1,2,FEBRERO,4,3,MIERCOLES
20260205,2026-02-05,2026,1,2,FEBRERO,5,4,JUEVES
20260208,2026-02-08,2026,1,2,FEBRERO,8,7,DOMINGO
20260209,2026-02-09,2026,1,2,FEBRERO,9,1,LUNES
20260210,2026-02-10,2026,1,2,FEBRERO,10,2,MARTES
20260211,2026-02-11,2026,1,2,FEBRERO,11,3,MIERCOLES
20260212,2026-02-12,2026,1,2,FEBRERO,12,4,JUEVES
20260213,2026-02-13,2026,1,2,FEBRERO,13,5,VIERNES
20260216,2026-02-16,2026,1,2,FEBRERO,16,1,LUNES
20260217,2026-02-17,2026,1,2,FEBRERO,17,2,MARTES
20260218,2026-02-18,2026,1,2,FEBRERO,18,3,MIERCOLES
20260219,2026-02-19,2026,1,2,FEBRERO,19,4,JUEVES
20260220,2026-02-20,2026,1,2,FEBRERO,20,5,VIERNES
20260222,2026-02-22,2026,1,2,FEBRERO,22,7,DOMINGO
20260224,2026-02-24,2026,1,2,FEBRERO,24,2,MARTES
20260226,2026-02-26,2026,1,2,FEBRERO,26,4,JUEVES
20260227,2026-02-27,2026,1,2,FEBRERO,27,5,VIERNES
20260228,2026-02-28,2026,1,2,FEBRERO,28,6,SABADO
20260301,2026-03-01,2026,1,3,MARZO,1,7,DOMINGO
20260302,2026-03-02,2026,1,3,MARZO,2,1,LUNES
20260303,2026-03-03,2026,1,3,MARZO,3,2,MARTES
20260304,2026-03-04,2026,1,3,MARZO,4,3,MIERCOLES
20260305,2026-03-05,2026,1,3,MARZO,5,4,JUEVES
20260306,2026-03-06,2026,1,3,MARZO,6,5,VIERNES
20260308,2026-03-08,2026,1,3,MARZO,8,7,DOMINGO
20260309,2026-03-09,2026,1,3,MARZO,9,1,LUNES
20260310,2026-03-10,2026,1,3,MARZO,10,2,MARTES
20260311,2026-03-11,2026,1,3,MARZO,11,3,MIERCOLES
20260312,2026-03-12,2026,1,3,MARZO,12,4,JUEVES
20260313,2026-03-13,2026,1,3,MARZO,13,5,VIERNES
20260315,2026-03-15,2026,1,3,MARZO,15,7,DOMINGO
20260316,2026-03-16,2026,1,3,MARZO,16,1,LUNES
20260317,2026-03-17,2026,1,3,MARZO,17,2,MARTES
20260318,2026-03-18,2026,1,3,MARZO,18,3,MIERCOLES
20260319,2026-03-19,2026,1,3,MARZO,19,4,JUEVES
20260320,2026-03-20,2026,1,3,MARZO,20,5,VIERNES
20260321,2026-03-21,2026,1,3,MARZO,21,6,SABADO
20260322,2026-03-22,2026,1,3,MARZO,22,7,DOMINGO
20260323,2026-03-23,2026,1,3,MARZO,23,1,LUNES
20260324,2026-03-24,2026,1,3,MARZO,24,2,MARTES
20260325,2026-03-25,2026,1,3,MARZO,25,3,MIERCOLES
20260326,2026-03-26,2026,1,3,MARZO,26,4,JUEVES
20260327,2026-03-27,2026,1,3,MARZO,27,5,VIERNES
20260328,2026-03-28,2026,1,3,MARZO,28,6,SABADO
20260329,2026-03-29,2026,1,3,MARZO,29,7,DOMINGO
20260330,2026-03-30,2026,1,3,MARZO,30,1,LUNES
20260331,2026-03-31,2026,1,3,MARZO,31,2,MARTES
20260401,2026-04-01,2026,2,4,ABRIL,1,3,MIERCOLES
20260402,2026-04-02,2026,2,4,ABRIL,2,4,JUEVES
20260404,2026-04-04,2026,2,4,ABRIL,4,6,SABADO
